<?xml version="1.0" encoding="UTF-8"?>
<metadata xml:lang="en"><Esri><CreaDate>20180426</CreaDate><CreaTime>10295400</CreaTime><ArcGISFormat>1.0</ArcGISFormat><SyncOnce>TRUE</SyncOnce><DataProperties><lineage><Process ToolSource="c:\arcgis\desktop10.5\ArcToolbox\Toolboxes\Spatial Analyst Tools.tbx\Reclassify" Date="20170817" Time="175808">Reclassify WoodyFPC_MGA100m.tif Value "100 150 100;151 175 50;176 200 0" E:\Publications\Invasionrisk\Materials\GIS\CECRSPPP\Covariates_final\Canopy.tif DATA</Process></lineage><itemProps><itemLocation><linkage Sync="TRUE">file://\\FROZEN-DP\C$\Users\FRO066\Documents\Publishing\QUT\Invasionrisk\2_revisions-submission\S3_test\Riskfactors\Canopy.tif</linkage><protocol Sync="TRUE">Local Area Network</protocol></itemLocation></itemProps><copyHistory><copy source="C:\Users\FRO066\Documents\Publishing\QUT\Invasionrisk\Materials\GIS\CECRSPPP\Covariates_final\Canopy.tif" dest="\\FROZEN-DP\C$\Users\FRO066\Documents\Publishing\QUT\Invasionrisk\2_revisions-submission\S3_test\Riskfactors\Canopy.tif" date="20180426" time="10295400"></copy></copyHistory></DataProperties></Esri></metadata>
