<?xml version="1.0" encoding="UTF-8"?>
<metadata xml:lang="en"><Esri><CreaDate>20180426</CreaDate><CreaTime>10304400</CreaTime><ArcGISFormat>1.0</ArcGISFormat><SyncOnce>TRUE</SyncOnce><DataProperties><lineage><Process ToolSource="c:\arcgis\desktop10.5\ArcToolbox\Toolboxes\Spatial Analyst Tools.tbx\Reclassify" Date="20170817" Time="180154">Reclassify TWI_MGA100m.tif Value "3 6 0;6.000000 8 100;8.000000 10 50;10.000000 20 0" E:\Publications\Invasionrisk\Materials\GIS\CECRSPPP\Covariates_final\SMoist.tif DATA</Process></lineage><itemProps><itemLocation><linkage Sync="TRUE">file://\\FROZEN-DP\C$\Users\FRO066\Documents\Publishing\QUT\Invasionrisk\2_revisions-submission\S3_test\Riskfactors\SMoist.tif</linkage><protocol Sync="TRUE">Local Area Network</protocol></itemLocation></itemProps><copyHistory><copy source="C:\Users\FRO066\Documents\Publishing\QUT\Invasionrisk\Materials\GIS\CECRSPPP\Covariates_final\SMoist.tif" dest="\\FROZEN-DP\C$\Users\FRO066\Documents\Publishing\QUT\Invasionrisk\2_revisions-submission\S3_test\Riskfactors\SMoist.tif" date="20180426" time="10304400"></copy></copyHistory></DataProperties></Esri></metadata>
