<?xml version="1.0" encoding="UTF-8"?>
<metadata xml:lang="en"><Esri><CreaDate>20180426</CreaDate><CreaTime>10305600</CreaTime><ArcGISFormat>1.0</ArcGISFormat><SyncOnce>TRUE</SyncOnce><DataProperties><lineage><Process ToolSource="c:\arcgis\desktop10.5\ArcToolbox\Toolboxes\Spatial Analyst Tools.tbx\CellStatistics" Date="20170815" Time="232455">CellStatistics VegUse_MVG_MGA100m.tif;VegUse_ALUM_MGA100m.tif;VegUse_wetlands_MGA100m.tif;VegUse_streams_MGA100m.tif E:\Publications\Invasionrisk\Materials\GIS\CECRSPPP\Covariates_final\VegUse.tif MAXIMUM DATA</Process></lineage><itemProps><itemLocation><linkage Sync="TRUE">file://\\FROZEN-DP\C$\Users\FRO066\Documents\Publishing\QUT\Invasionrisk\2_revisions-submission\S3_test\Riskfactors\VegUse.tif</linkage><protocol Sync="TRUE">Local Area Network</protocol></itemLocation></itemProps><copyHistory><copy source="C:\Users\FRO066\Documents\Publishing\QUT\Invasionrisk\Materials\GIS\CECRSPPP\Covariates_final\VegUse.tif" dest="\\FROZEN-DP\C$\Users\FRO066\Documents\Publishing\QUT\Invasionrisk\2_revisions-submission\S3_test\Riskfactors\VegUse.tif" date="20180426" time="10305600"></copy></copyHistory></DataProperties></Esri></metadata>
