<?xml version="1.0" encoding="UTF-8"?>
<metadata xml:lang="en"><Esri><CreaDate>20180426</CreaDate><CreaTime>10432900</CreaTime><ArcGISFormat>1.0</ArcGISFormat><SyncOnce>TRUE</SyncOnce><DataProperties><lineage><Process ToolSource="c:\arcgis\desktop10.5\ArcToolbox\Toolboxes\Spatial Analyst Tools.tbx\Reclassify" Date="20171120" Time="105708">Reclassify RainAnnual_Albers200.tif VALUE "161.502106 200 0;200 350 50;350 850 100;850 2000 50" E:\Publications\Invasionrisk\Materials\GIS\CYLIROSE\Covariates_final\Rain.tif DATA</Process></lineage><itemProps><itemLocation><linkage Sync="TRUE">file://\\FROZEN-DP\C$\Users\FRO066\Documents\Publishing\QUT\Invasionrisk\2_revisions-submission\S3_test\Cylindropuntia\Riskfactors\Rain.tif</linkage><protocol Sync="TRUE">Local Area Network</protocol></itemLocation></itemProps><copyHistory><copy source="C:\Users\FRO066\Documents\Publishing\QUT\Invasionrisk\Materials\GIS\CYLIROSE\Covariates_final\Rain.tif" dest="\\FROZEN-DP\C$\Users\FRO066\Documents\Publishing\QUT\Invasionrisk\2_revisions-submission\S3_test\Cylindropuntia\Riskfactors\Rain.tif" date="20180426" time="10432900"></copy></copyHistory></DataProperties></Esri></metadata>
