<?xml version="1.0" encoding="UTF-8"?>
<metadata xml:lang="en"><Esri><CreaDate>20180426</CreaDate><CreaTime>10441400</CreaTime><ArcGISFormat>1.0</ArcGISFormat><SyncOnce>TRUE</SyncOnce><DataProperties><lineage><Process ToolSource="c:\arcgis\desktop10.5\ArcToolbox\Toolboxes\Spatial Analyst Tools.tbx\CellStatistics" Date="20171121" Time="181406">CellStatistics Soil_clay_Albers200.tif;Soil_sand_Albers200.tif E:\Publications\Invasionrisk\Materials\GIS\CYLIROSE\Covariates_final\Soil.tif MINIMUM DATA</Process></lineage><itemProps><itemLocation><linkage Sync="TRUE">file://\\FROZEN-DP\C$\Users\FRO066\Documents\Publishing\QUT\Invasionrisk\2_revisions-submission\S3_test\Cylindropuntia\Riskfactors\Soil.tif</linkage><protocol Sync="TRUE">Local Area Network</protocol></itemLocation></itemProps><copyHistory><copy source="C:\Users\FRO066\Documents\Publishing\QUT\Invasionrisk\Materials\GIS\CYLIROSE\Covariates_final\Soil.tif" dest="\\FROZEN-DP\C$\Users\FRO066\Documents\Publishing\QUT\Invasionrisk\2_revisions-submission\S3_test\Cylindropuntia\Riskfactors\Soil.tif" date="20180426" time="10441400"></copy></copyHistory></DataProperties></Esri></metadata>
