<?xml version="1.0" encoding="UTF-8"?>
<metadata xml:lang="en"><Esri><CreaDate>20180426</CreaDate><CreaTime>10433700</CreaTime><ArcGISFormat>1.0</ArcGISFormat><SyncOnce>TRUE</SyncOnce><DataProperties><lineage><Process ToolSource="c:\arcgis\desktop10.5\ArcToolbox\Toolboxes\Spatial Analyst Tools.tbx\CellStatistics" Date="20171122" Time="103241">CellStatistics TempCold.tif;TempHot.tif E:\Publications\Invasionrisk\Materials\GIS\CYLIROSE\Covariates_final\Temp.tif MINIMUM DATA</Process></lineage><itemProps><itemLocation><linkage Sync="TRUE">file://\\FROZEN-DP\C$\Users\FRO066\Documents\Publishing\QUT\Invasionrisk\2_revisions-submission\S3_test\Cylindropuntia\Riskfactors\Temp.tif</linkage><protocol Sync="TRUE">Local Area Network</protocol></itemLocation></itemProps><copyHistory><copy source="C:\Users\FRO066\Documents\Publishing\QUT\Invasionrisk\Materials\GIS\CYLIROSE\Covariates_final\Temp.tif" dest="\\FROZEN-DP\C$\Users\FRO066\Documents\Publishing\QUT\Invasionrisk\2_revisions-submission\S3_test\Cylindropuntia\Riskfactors\Temp.tif" date="20180426" time="10433700"></copy></copyHistory></DataProperties></Esri></metadata>
