<?xml version="1.0" encoding="UTF-8"?>
<metadata xml:lang="en"><Esri><CreaDate>20180426</CreaDate><CreaTime>10431800</CreaTime><ArcGISFormat>1.0</ArcGISFormat><SyncOnce>TRUE</SyncOnce><DataProperties><lineage><Process ToolSource="c:\arcgis\desktop10.5\ArcToolbox\Toolboxes\Spatial Analyst Tools.tbx\ExtractByMask" Date="20171121" Time="175921">ExtractByMask VegUse_Albers200.tif Studyarea_CYLIROSE_Albers200m.tif E:\Publications\Invasionrisk\Materials\GIS\CYLIROSE\Covariates_final\VegUse.tif</Process></lineage><itemProps><itemLocation><linkage Sync="TRUE">file://\\FROZEN-DP\C$\Users\FRO066\Documents\Publishing\QUT\Invasionrisk\2_revisions-submission\S3_test\Cylindropuntia\Riskfactors\VegUse.tif</linkage><protocol Sync="TRUE">Local Area Network</protocol></itemLocation></itemProps><copyHistory><copy source="C:\Users\FRO066\Documents\Publishing\QUT\Invasionrisk\Materials\GIS\CYLIROSE\Covariates_final\VegUse.tif" dest="\\FROZEN-DP\C$\Users\FRO066\Documents\Publishing\QUT\Invasionrisk\2_revisions-submission\S3_test\Cylindropuntia\Riskfactors\VegUse.tif" date="20180426" time="10431800"></copy></copyHistory></DataProperties></Esri></metadata>
