<?xml version="1.0" encoding="UTF-8"?>
<metadata xml:lang="en"><Esri><CreaDate>20190204</CreaDate><CreaTime>14191000</CreaTime><ArcGISFormat>1.0</ArcGISFormat><ArcGISstyle>Item Description</ArcGISstyle><SyncOnce>TRUE</SyncOnce><DataProperties><lineage><Process ToolSource="c:\program files (x86)\arcgis\desktop10.5\ArcToolbox\Toolboxes\Spatial Analyst Tools.tbx\SetNull" Date="20190204" Time="141910">SetNull Streams.tif Streams.tif C:\Users\FRO066\Documents\Publishing\QUT\MEE2018\3_revision\CaseStudies\CECRSPPP\R_working\StreamsNAs.tif ""Value" = 0"</Process></lineage></DataProperties></Esri></metadata>
