<?xml version="1.0" encoding="UTF-8"?>
<metadata xml:lang="en"><Esri><CreaDate>20190204</CreaDate><CreaTime>15270500</CreaTime><ArcGISFormat>1.0</ArcGISFormat><SyncOnce>FALSE</SyncOnce><DataProperties><lineage><Process ToolSource="c:\arcgis\desktop10.5\ArcToolbox\Toolboxes\Data Management Tools.tbx\CalculateField" Date="20171124" Time="104535">CalculateField Infestations_CYLIROSE Status "Completed" VB #</Process><Process ToolSource="c:\arcgis\desktop10.5\ArcToolbox\Toolboxes\Data Management Tools.tbx\CalculateField" Date="20171124" Time="104707">CalculateField Infestations_CYLIROSE Status "Completed" VB #</Process><Process ToolSource="c:\arcgis\desktop10.5\ArcToolbox\Toolboxes\Data Management Tools.tbx\CalculateField" Date="20171124" Time="105351">CalculateField Infestations_CYLIROSE Status "Completed" VB #</Process><Process ToolSource="c:\arcgis\desktop10.5\ArcToolbox\Toolboxes\Data Management Tools.tbx\CalculateField" Date="20171124" Time="105757">CalculateField Infestations_CYLIROSE Status "Completed?" VB #</Process><Process ToolSource="c:\arcgis\desktop10.5\ArcToolbox\Toolboxes\Data Management Tools.tbx\Merge" Date="20171124" Time="113453">Merge Infestations_CYLIROSE;Treatment_CYLIROSE;All_HP E:\Publications\Invasionrisk\Materials\GIS\CYLIROSE\PestCentral.gdb\All_CYLIROSE "SubCat "SubCat" true true false 50 Text 0 0 ,First,#,Infestations_CYLIROSE,SubCat,-1,-1,Treatment_CYLIROSE,SubCat,-1,-1,All_HP,Activity,-1,-1;Status "Status" true true false 50 Text 0 0 ,First,#,Infestations_CYLIROSE,Status,-1,-1,Treatment_CYLIROSE,Status,-1,-1,All_HP,Site_Statu,-1,-1;StatusDate "StatusDate" true true false 8 Date 0 0 ,First,#,Infestations_CYLIROSE,StatusDate,-1,-1,Treatment_CYLIROSE,StatusDate,-1,-1,All_HP,Detectio01,-1,-1;InspecDate "InspecDate" true true false 8 Date 0 0 ,First,#,Infestations_CYLIROSE,InspecDate,-1,-1,Treatment_CYLIROSE,Start,-1,-1,All_HP,Detectio01,-1,-1;Filter "Filter" true true false 50 Text 0 0 ,First,#,Infestations_CYLIROSE,Filter,-1,-1,Treatment_CYLIROSE,Filter,-1,-1,All_HP,Is_Eradica,-1,-1;ComName "ComName" true true false 100 Text 0 0 ,First,#,Infestations_CYLIROSE,ComName,-1,-1,Treatment_CYLIROSE,Target,-1,-1,All_HP,Weed_Name,-1,-1;Species "Species" true true false 100 Text 0 0 ,First,#,Infestations_CYLIROSE,Species,-1,-1,Treatment_CYLIROSE,Species,-1,-1;SpecCode "SpecCode" true true false 15 Text 0 0 ,First,#,Infestations_CYLIROSE,SpecCode,-1,-1,Treatment_CYLIROSE,SpecCode,-1,-1,All_HP,Weed_Code,-1,-1;WAREA "WAREA" true true false 8 Double 0 0 ,First,#,Infestations_CYLIROSE,WAREA,-1,-1,Treatment_CYLIROSE,WAREA,-1,-1,All_HP,Site_Area_,-1,-1;Density "Density" true true false 50 Text 0 0 ,First,#,Infestations_CYLIROSE,Density,-1,-1,All_HP,Density,-1,-1;DensCode "DensCode" true true false 15 Text 0 0 ,First,#,Infestations_CYLIROSE,DensCode,-1,-1;Individuals "Individuals" true true false 19 Double 0 0 ,First,#,All_HP,Number_of_,-1,-1;ReprStatus "ReprStatus" true true false 50 Text 0 0 ,First,#,Infestations_CYLIROSE,ReprStatus,-1,-1,All_HP,Weed_Repro,-1,-1;ReprCode "ReprCode" true true false 15 Text 0 0 ,First,#,Infestations_CYLIROSE,ReprCode,-1,-1;Treated "Treated" true true false 3 Text 0 0 ,First,#,All_HP,Treated,-1,-1;Type "Type" true true false 50 Text 0 0 ,First,#,Treatment_CYLIROSE,Type,-1,-1,All_HP,TreatType,-1,-1;TypeCode "TypeCode" true true false 15 Text 0 0 ,First,#,Treatment_CYLIROSE,TypeCode,-1,-1;Method "Method" true true false 15 Text 0 0 ,First,#,Treatment_CYLIROSE,Method,-1,-1;MethCode "MethCode" true true false 15 Text 0 0 ,First,#,Treatment_CYLIROSE,MethCode,-1,-1;ENTITY_ID "ENTITY_ID" true true false 4 Long 0 0 ,First,#,Infestations_CYLIROSE,ENTITY_ID,-1,-1,Treatment_CYLIROSE,ENTITY_ID,-1,-1"</Process><Process ToolSource="c:\arcgis\desktop10.5\ArcToolbox\Toolboxes\Data Management Tools.tbx\CalculateField" Date="20171124" Time="114046">CalculateField All_CYLIROSE Status "Completed" VB #</Process><Process ToolSource="c:\arcgis\desktop10.5\ArcToolbox\Toolboxes\Data Management Tools.tbx\CalculateField" Date="20171124" Time="114102">CalculateField All_CYLIROSE Treated "Yes" VB #</Process><Process ToolSource="c:\arcgis\desktop10.5\ArcToolbox\Toolboxes\Data Management Tools.tbx\CalculateField" Date="20171124" Time="114450">CalculateField All_CYLIROSE Treated "Yes" VB #</Process><Process ToolSource="c:\arcgis\desktop10.5\ArcToolbox\Toolboxes\Data Management Tools.tbx\CalculateField" Date="20171124" Time="114458">CalculateField All_CYLIROSE Type "Chemical" VB #</Process><Process ToolSource="c:\arcgis\desktop10.5\ArcToolbox\Toolboxes\Data Management Tools.tbx\CalculateField" Date="20171124" Time="114514">CalculateField All_CYLIROSE TypeCode "CHTW" VB #</Process><Process ToolSource="c:\arcgis\desktop10.5\ArcToolbox\Toolboxes\Data Management Tools.tbx\CalculateField" Date="20171124" Time="114529">CalculateField All_CYLIROSE Method "Foliar spray (h" VB #</Process><Process ToolSource="c:\arcgis\desktop10.5\ArcToolbox\Toolboxes\Data Management Tools.tbx\CalculateField" Date="20171124" Time="114543">CalculateField All_CYLIROSE MethCode "FSTW" VB #</Process><Process ToolSource="c:\arcgis\desktop10.5\ArcToolbox\Toolboxes\Data Management Tools.tbx\CalculateField" Date="20171124" Time="114814">CalculateField All_CYLIROSE Treated "No" VB #</Process><Process ToolSource="c:\arcgis\desktop10.5\ArcToolbox\Toolboxes\Data Management Tools.tbx\CalculateField" Date="20171124" Time="115138">CalculateField All_CYLIROSE Species "Cylindropuntia rosea / tunicata" VB #</Process><Process ToolSource="c:\arcgis\desktop10.5\ArcToolbox\Toolboxes\Data Management Tools.tbx\CalculateField" Date="20171124" Time="115207">CalculateField All_CYLIROSE ComName "Hudson pear" VB #</Process><Process ToolSource="c:\arcgis\desktop10.5\ArcToolbox\Toolboxes\Data Management Tools.tbx\CalculateField" Date="20171124" Time="115525">CalculateField Modelled_CYLIROSE ReprStatus "Vegetative &amp; Mature" VB #</Process><Process ToolSource="c:\arcgis\desktop10.5\ArcToolbox\Toolboxes\Data Management Tools.tbx\CalculateField" Date="20171124" Time="115953">CalculateField Modelled_CYLIROSE Treated "Yes" VB #</Process><Process ToolSource="c:\arcgis\desktop10.5\ArcToolbox\Toolboxes\Data Management Tools.tbx\CalculateField" Date="20171124" Time="120202">CalculateField Modelled_CYLIROSE Treated "Proposed" VB #</Process><Process ToolSource="c:\arcgis\desktop10.5\ArcToolbox\Toolboxes\Data Management Tools.tbx\CalculateField" Date="20171124" Time="120220">CalculateField Modelled_CYLIROSE Treated "Unclear" VB #</Process><Process ToolSource="c:\arcgis\desktop10.5\ArcToolbox\Toolboxes\Data Management Tools.tbx\CalculateField" Date="20171124" Time="120232">CalculateField Modelled_CYLIROSE Treated "No" VB #</Process><Process ToolSource="c:\arcgis\desktop10.5\ArcToolbox\Toolboxes\Data Management Tools.tbx\CalculateField" Date="20171124" Time="120255">CalculateField Modelled_CYLIROSE Treated "No?" VB #</Process><Process ToolSource="c:\arcgis\desktop10.5\ArcToolbox\Toolboxes\Data Management Tools.tbx\CalculateField" Date="20171124" Time="120435">CalculateField Modelled_CYLIROSE SubCat "Treatment" VB #</Process><Process ToolSource="c:\arcgis\desktop10.5\ArcToolbox\Toolboxes\Data Management Tools.tbx\CalculateField" Date="20171124" Time="120519">CalculateField Modelled_CYLIROSE SubCat "Infestation" VB #</Process><Process ToolSource="c:\arcgis\desktop10.5\ArcToolbox\Toolboxes\Data Management Tools.tbx\CalculateField" Date="20171124" Time="123433">CalculateField Modelled_CYLIROSE Method "Foliar spray" VB #</Process><Process ToolSource="c:\arcgis\desktop10.5\ArcToolbox\Toolboxes\Data Management Tools.tbx\CalculateField" Date="20171124" Time="123828">CalculateField Modelled_CYLIROSE Year year([InspecDate]) VB #</Process><Process ToolSource="c:\arcgis\desktop10.5\ArcToolbox\Toolboxes\Data Management Tools.tbx\CalculateField" Date="20171124" Time="124238">CalculateField Modelled_CYLIROSE Month month([InspecDate]) VB #</Process><Process ToolSource="c:\arcgis\desktop10.5\ArcToolbox\Toolboxes\Data Management Tools.tbx\CalculateField" Date="20171124" Time="124333">CalculateField Modelled_CYLIROSE DateSort "[Year]*100 + [Month]" VB #</Process><Process ToolSource="c:\arcgis\desktop10.5\ArcToolbox\Toolboxes\Data Management Tools.tbx\CalculateField" Date="20171124" Time="130022">CalculateField Modelled_CYLIROSE DP 1 VB #</Process><Process ToolSource="c:\arcgis\desktop10.5\ArcToolbox\Toolboxes\Data Management Tools.tbx\CalculateField" Date="20171124" Time="130304">CalculateField Modelled_CYLIROSE DP 2 VB #</Process><Process ToolSource="c:\arcgis\desktop10.5\ArcToolbox\Toolboxes\Data Management Tools.tbx\CalculateField" Date="20171124" Time="130412">CalculateField Modelled_CYLIROSE DP 2 VB #</Process><Process ToolSource="c:\arcgis\desktop10.5\ArcToolbox\Toolboxes\Data Management Tools.tbx\CalculateField" Date="20171124" Time="130522">CalculateField Modelled_CYLIROSE DP 3 VB #</Process><Process ToolSource="c:\arcgis\desktop10.5\ArcToolbox\Toolboxes\Data Management Tools.tbx\CalculateField" Date="20171124" Time="130618">CalculateField Modelled_CYLIROSE DP 4 VB #</Process><Process ToolSource="c:\arcgis\desktop10.5\ArcToolbox\Toolboxes\Data Management Tools.tbx\CalculateField" Date="20171124" Time="130648">CalculateField Modelled_CYLIROSE DP 5 VB #</Process><Process ToolSource="c:\arcgis\desktop10.5\ArcToolbox\Toolboxes\Data Management Tools.tbx\CalculateField" Date="20171124" Time="130717">CalculateField Modelled_CYLIROSE DP 6 VB #</Process><Process ToolSource="c:\arcgis\desktop10.5\ArcToolbox\Toolboxes\Data Management Tools.tbx\CalculateField" Date="20171124" Time="130729">CalculateField Modelled_CYLIROSE DP 7 VB #</Process><Process ToolSource="c:\arcgis\desktop10.5\ArcToolbox\Toolboxes\Data Management Tools.tbx\CalculateField" Date="20171124" Time="133703">CalculateField Modelled_CYLIROSE DP 3 VB #</Process><Process ToolSource="c:\arcgis\desktop10.5\ArcToolbox\Toolboxes\Data Management Tools.tbx\CalculateField" Date="20171124" Time="134116">CalculateField Modelled_CYLIROSE DP 12 VB #</Process><Process ToolSource="c:\arcgis\desktop10.5\ArcToolbox\Toolboxes\Data Management Tools.tbx\CalculateField" Date="20171124" Time="135443">CalculateField Modelled_CYLIROSE DP 1 VB #</Process><Process ToolSource="c:\arcgis\desktop10.5\ArcToolbox\Toolboxes\Data Management Tools.tbx\CalculateField" Date="20171124" Time="135551">CalculateField Modelled_CYLIROSE DP 3 VB #</Process><Process ToolSource="c:\arcgis\desktop10.5\ArcToolbox\Toolboxes\Data Management Tools.tbx\CalculateField" Date="20171124" Time="135608">CalculateField Modelled_CYLIROSE DP 4 VB #</Process><Process ToolSource="c:\arcgis\desktop10.5\ArcToolbox\Toolboxes\Data Management Tools.tbx\CalculateField" Date="20171124" Time="135622">CalculateField Modelled_CYLIROSE DP 5 VB #</Process><Process ToolSource="c:\arcgis\desktop10.5\ArcToolbox\Toolboxes\Data Management Tools.tbx\CalculateField" Date="20171124" Time="135635">CalculateField Modelled_CYLIROSE DP 6 VB #</Process><Process ToolSource="c:\arcgis\desktop10.5\ArcToolbox\Toolboxes\Data Management Tools.tbx\CalculateField" Date="20171124" Time="231807">CalculateField Modelled_CYLIROSE NoIndividuals [Individuals] VB #</Process><Process ToolSource="c:\arcgis\desktop10.5\ArcToolbox\Toolboxes\Data Management Tools.tbx\CalculateField" Date="20171124" Time="232029">CalculateField Modelled_CYLIROSE NoIndividuals 1 VB #</Process><Process ToolSource="c:\arcgis\desktop10.5\ArcToolbox\Toolboxes\Data Management Tools.tbx\CalculateField" Date="20171124" Time="232305">CalculateField Modelled_CYLIROSE NoIndividuals 3 VB #</Process><Process ToolSource="c:\arcgis\desktop10.5\ArcToolbox\Toolboxes\Data Management Tools.tbx\CalculateField" Date="20171124" Time="232402">CalculateField Modelled_CYLIROSE NoIndividuals 3 VB #</Process><Process ToolSource="c:\arcgis\desktop10.5\ArcToolbox\Toolboxes\Data Management Tools.tbx\CalculateField" Date="20171124" Time="232441">CalculateField Modelled_CYLIROSE NoIndividuals 10 VB #</Process><Process ToolSource="c:\arcgis\desktop10.5\ArcToolbox\Toolboxes\Data Management Tools.tbx\CalculateField" Date="20171124" Time="232533">CalculateField Modelled_CYLIROSE NoIndividuals 20 VB #</Process><Process ToolSource="c:\arcgis\desktop10.5\ArcToolbox\Toolboxes\Data Management Tools.tbx\CalculateField" Date="20171124" Time="232743">CalculateField Modelled_CYLIROSE NoIndividuals 0.5 VB #</Process><Process ToolSource="c:\arcgis\desktop10.5\ArcToolbox\Toolboxes\Data Management Tools.tbx\CalculateField" Date="20171124" Time="232805">CalculateField Modelled_CYLIROSE NoIndividuals 1 VB #</Process><Process ToolSource="c:\arcgis\desktop10.5\ArcToolbox\Toolboxes\Data Management Tools.tbx\CalculateField" Date="20171124" Time="232953">CalculateField Modelled_CYLIROSE NoIndividuals [NoIndividuals]/2 VB #</Process><Process ToolSource="c:\arcgis\desktop10.5\ArcToolbox\Toolboxes\Data Management Tools.tbx\CalculateField" Date="20171126" Time="180705">CalculateField Modelled_CYLIROSE NoIndividuals 20 VB #</Process><Process ToolSource="c:\arcgis\desktop10.5\ArcToolbox\Toolboxes\Data Management Tools.tbx\CalculateField" Date="20171126" Time="180722">CalculateField Modelled_CYLIROSE NoIndividuals 15 VB #</Process><Process ToolSource="c:\arcgis\desktop10.5\ArcToolbox\Toolboxes\Data Management Tools.tbx\CalculateField" Date="20171126" Time="180740">CalculateField Modelled_CYLIROSE NoIndividuals 10 VB #</Process><Process ToolSource="c:\arcgis\desktop10.5\ArcToolbox\Toolboxes\Data Management Tools.tbx\CalculateField" Date="20171126" Time="180801">CalculateField Modelled_CYLIROSE NoIndividuals 7 VB #</Process><Process ToolSource="c:\arcgis\desktop10.5\ArcToolbox\Toolboxes\Data Management Tools.tbx\CalculateField" Date="20171126" Time="180812">CalculateField Modelled_CYLIROSE NoIndividuals 6 VB #</Process><Process ToolSource="c:\arcgis\desktop10.5\ArcToolbox\Toolboxes\Data Management Tools.tbx\CalculateField" Date="20171126" Time="180846">CalculateField Modelled_CYLIROSE NoIndividuals 3 VB #</Process><Process ToolSource="c:\arcgis\desktop10.5\ArcToolbox\Toolboxes\Data Management Tools.tbx\CalculateField" Date="20171126" Time="180905">CalculateField Modelled_CYLIROSE NoIndividuals 2 VB #</Process><Process ToolSource="c:\arcgis\desktop10.5\ArcToolbox\Toolboxes\Data Management Tools.tbx\CalculateField" Date="20171126" Time="181003">CalculateField Modelled_CYLIROSE NoIndividuals 1 VB #</Process><Process ToolSource="c:\program files (x86)\arcgis\desktop10.5\ArcToolbox\Toolboxes\Data Management Tools.tbx\CalculateField" Date="20190209" Time="000338">CalculateField DPall_201117_CYLIROSE Abundance [NoIndividu] VB #</Process></lineage><itemProps><itemName Sync="TRUE">All_CYLIROSE</itemName><imsContentType Sync="TRUE">002</imsContentType><itemLocation><linkage Sync="TRUE">file://\\SEF-PA00128936\E$\Publications\Invasionrisk\Materials\GIS\CYLIROSE\Detections.gdb</linkage><protocol Sync="TRUE">Local Area Network</protocol></itemLocation></itemProps><coordRef><type Sync="TRUE">Geographic</type><geogcsn Sync="TRUE">GCS_GDA_1994</geogcsn><csUnits Sync="TRUE">Angular Unit: Degree (0.017453)</csUnits><peXml Sync="TRUE">&lt;GeographicCoordinateSystem xsi:type='typens:GeographicCoordinateSystem' xmlns:xsi='http://www.w3.org/2001/XMLSchema-instance' xmlns:xs='http://www.w3.org/2001/XMLSchema' xmlns:typens='http://www.esri.com/schemas/ArcGIS/10.5'&gt;&lt;WKT&gt;GEOGCS[&amp;quot;GCS_GDA_1994&amp;quot;,DATUM[&amp;quot;D_GDA_1994&amp;quot;,SPHEROID[&amp;quot;GRS_1980&amp;quot;,6378137.0,298.257222101]],PRIMEM[&amp;quot;Greenwich&amp;quot;,0.0],UNIT[&amp;quot;Degree&amp;quot;,0.0174532925199433],AUTHORITY[&amp;quot;EPSG&amp;quot;,4283]]&lt;/WKT&gt;&lt;XOrigin&gt;-400&lt;/XOrigin&gt;&lt;YOrigin&gt;-400&lt;/YOrigin&gt;&lt;XYScale&gt;11258999068426.238&lt;/XYScale&gt;&lt;ZOrigin&gt;-100000&lt;/ZOrigin&gt;&lt;ZScale&gt;10000&lt;/ZScale&gt;&lt;MOrigin&gt;-100000&lt;/MOrigin&gt;&lt;MScale&gt;10000&lt;/MScale&gt;&lt;XYTolerance&gt;8.9831528411952133e-009&lt;/XYTolerance&gt;&lt;ZTolerance&gt;0.001&lt;/ZTolerance&gt;&lt;MTolerance&gt;0.001&lt;/MTolerance&gt;&lt;HighPrecision&gt;true&lt;/HighPrecision&gt;&lt;LeftLongitude&gt;-180&lt;/LeftLongitude&gt;&lt;WKID&gt;4283&lt;/WKID&gt;&lt;LatestWKID&gt;4283&lt;/LatestWKID&gt;&lt;/GeographicCoordinateSystem&gt;</peXml></coordRef></DataProperties><SyncDate>20171124</SyncDate><SyncTime>11345100</SyncTime><ModDate>20171124</ModDate><ModTime>11345100</ModTime><ArcGISstyle>Item Description</ArcGISstyle></Esri><dataIdInfo><envirDesc Sync="TRUE">Microsoft Windows 7 Version 6.1 (Build 7601) Service Pack 1; Esri ArcGIS 10.5.0.6491</envirDesc><dataLang><languageCode value="eng" Sync="TRUE"></languageCode><countryCode value="AUS" Sync="TRUE"></countryCode></dataLang><idCitation><resTitle Sync="TRUE">All_CYLIROSE</resTitle><presForm><PresFormCd value="005" Sync="TRUE"></PresFormCd></presForm></idCitation><spatRpType><SpatRepTypCd value="001" Sync="TRUE"></SpatRepTypCd></spatRpType></dataIdInfo><mdLang><languageCode value="eng" Sync="TRUE"></languageCode><countryCode value="AUS" Sync="TRUE"></countryCode></mdLang><distInfo><distFormat><formatName Sync="TRUE">File Geodatabase Feature Class</formatName></distFormat></distInfo><mdHrLv><ScopeCd value="005" Sync="TRUE"></ScopeCd></mdHrLv><mdHrLvName Sync="TRUE">dataset</mdHrLvName><refSysInfo><RefSystem><refSysID><identCode code="4283" Sync="TRUE"></identCode><idCodeSpace Sync="TRUE">EPSG</idCodeSpace><idVersion Sync="TRUE">8.3.4(3.0.1)</idVersion></refSysID></RefSystem></refSysInfo><spatRepInfo><VectSpatRep><geometObjs Name="All_CYLIROSE"><geoObjTyp><GeoObjTypCd value="004" Sync="TRUE"></GeoObjTypCd></geoObjTyp><geoObjCnt Sync="TRUE">0</geoObjCnt></geometObjs><topLvl><TopoLevCd value="001" Sync="TRUE"></TopoLevCd></topLvl></VectSpatRep></spatRepInfo><spdoinfo><ptvctinf><esriterm Name="All_CYLIROSE"><efeatyp Sync="TRUE">Simple</efeatyp><efeageom code="1" Sync="TRUE"></efeageom><esritopo Sync="TRUE">FALSE</esritopo><efeacnt Sync="TRUE">0</efeacnt><spindex Sync="TRUE">TRUE</spindex><linrefer Sync="TRUE">TRUE</linrefer></esriterm></ptvctinf></spdoinfo><eainfo><detailed Name="All_CYLIROSE"><enttyp><enttypl Sync="TRUE">All_CYLIROSE</enttypl><enttypt Sync="TRUE">Feature Class</enttypt><enttypc Sync="TRUE">0</enttypc></enttyp><attr><attrlabl Sync="TRUE">OBJECTID</attrlabl><attalias Sync="TRUE">OBJECTID</attalias><attrtype Sync="TRUE">OID</attrtype><attwidth Sync="TRUE">4</attwidth><atprecis Sync="TRUE">0</atprecis><attscale Sync="TRUE">0</attscale><attrdef Sync="TRUE">Internal feature number.</attrdef><attrdefs Sync="TRUE">Esri</attrdefs><attrdomv><udom Sync="TRUE">Sequential unique whole numbers that are automatically generated.</udom></attrdomv></attr><attr><attrlabl Sync="TRUE">Shape</attrlabl><attalias Sync="TRUE">Shape</attalias><attrtype Sync="TRUE">Geometry</attrtype><attwidth Sync="TRUE">0</attwidth><atprecis Sync="TRUE">0</atprecis><attscale Sync="TRUE">0</attscale><attrdef Sync="TRUE">Feature geometry.</attrdef><attrdefs Sync="TRUE">Esri</attrdefs><attrdomv><udom Sync="TRUE">Coordinates defining the features.</udom></attrdomv></attr><attr><attrlabl Sync="TRUE">SubCat</attrlabl><attalias Sync="TRUE">SubCat</attalias><attrtype Sync="TRUE">String</attrtype><attwidth Sync="TRUE">50</attwidth><atprecis Sync="TRUE">0</atprecis><attscale Sync="TRUE">0</attscale></attr><attr><attrlabl Sync="TRUE">Status</attrlabl><attalias Sync="TRUE">Status</attalias><attrtype Sync="TRUE">String</attrtype><attwidth Sync="TRUE">50</attwidth><atprecis Sync="TRUE">0</atprecis><attscale Sync="TRUE">0</attscale></attr><attr><attrlabl Sync="TRUE">StatusDate</attrlabl><attalias Sync="TRUE">StatusDate</attalias><attrtype Sync="TRUE">Date</attrtype><attwidth Sync="TRUE">8</attwidth><atprecis Sync="TRUE">0</atprecis><attscale Sync="TRUE">0</attscale></attr><attr><attrlabl Sync="TRUE">InspecDate</attrlabl><attalias Sync="TRUE">InspecDate</attalias><attrtype Sync="TRUE">Date</attrtype><attwidth Sync="TRUE">8</attwidth><atprecis Sync="TRUE">0</atprecis><attscale Sync="TRUE">0</attscale></attr><attr><attrlabl Sync="TRUE">Filter</attrlabl><attalias Sync="TRUE">Filter</attalias><attrtype Sync="TRUE">String</attrtype><attwidth Sync="TRUE">50</attwidth><atprecis Sync="TRUE">0</atprecis><attscale Sync="TRUE">0</attscale></attr><attr><attrlabl Sync="TRUE">ComName</attrlabl><attalias Sync="TRUE">ComName</attalias><attrtype Sync="TRUE">String</attrtype><attwidth Sync="TRUE">100</attwidth><atprecis Sync="TRUE">0</atprecis><attscale Sync="TRUE">0</attscale></attr><attr><attrlabl Sync="TRUE">Species</attrlabl><attalias Sync="TRUE">Species</attalias><attrtype Sync="TRUE">String</attrtype><attwidth Sync="TRUE">100</attwidth><atprecis Sync="TRUE">0</atprecis><attscale Sync="TRUE">0</attscale></attr><attr><attrlabl Sync="TRUE">SpecCode</attrlabl><attalias Sync="TRUE">SpecCode</attalias><attrtype Sync="TRUE">String</attrtype><attwidth Sync="TRUE">15</attwidth><atprecis Sync="TRUE">0</atprecis><attscale Sync="TRUE">0</attscale></attr><attr><attrlabl Sync="TRUE">WAREA</attrlabl><attalias Sync="TRUE">WAREA</attalias><attrtype Sync="TRUE">Double</attrtype><attwidth Sync="TRUE">8</attwidth><atprecis Sync="TRUE">0</atprecis><attscale Sync="TRUE">0</attscale></attr><attr><attrlabl Sync="TRUE">Density</attrlabl><attalias Sync="TRUE">Density</attalias><attrtype Sync="TRUE">String</attrtype><attwidth Sync="TRUE">50</attwidth><atprecis Sync="TRUE">0</atprecis><attscale Sync="TRUE">0</attscale></attr><attr><attrlabl Sync="TRUE">DensCode</attrlabl><attalias Sync="TRUE">DensCode</attalias><attrtype Sync="TRUE">String</attrtype><attwidth Sync="TRUE">15</attwidth><atprecis Sync="TRUE">0</atprecis><attscale Sync="TRUE">0</attscale></attr><attr><attrlabl Sync="TRUE">Individuals</attrlabl><attalias Sync="TRUE">Individuals</attalias><attrtype Sync="TRUE">Double</attrtype><attwidth Sync="TRUE">8</attwidth><atprecis Sync="TRUE">0</atprecis><attscale Sync="TRUE">0</attscale></attr><attr><attrlabl Sync="TRUE">ReprStatus</attrlabl><attalias Sync="TRUE">ReprStatus</attalias><attrtype Sync="TRUE">String</attrtype><attwidth Sync="TRUE">50</attwidth><atprecis Sync="TRUE">0</atprecis><attscale Sync="TRUE">0</attscale></attr><attr><attrlabl Sync="TRUE">ReprCode</attrlabl><attalias Sync="TRUE">ReprCode</attalias><attrtype Sync="TRUE">String</attrtype><attwidth Sync="TRUE">15</attwidth><atprecis Sync="TRUE">0</atprecis><attscale Sync="TRUE">0</attscale></attr><attr><attrlabl Sync="TRUE">Treated</attrlabl><attalias Sync="TRUE">Treated</attalias><attrtype Sync="TRUE">String</attrtype><attwidth Sync="TRUE">3</attwidth><atprecis Sync="TRUE">0</atprecis><attscale Sync="TRUE">0</attscale></attr><attr><attrlabl Sync="TRUE">Type</attrlabl><attalias Sync="TRUE">Type</attalias><attrtype Sync="TRUE">String</attrtype><attwidth Sync="TRUE">50</attwidth><atprecis Sync="TRUE">0</atprecis><attscale Sync="TRUE">0</attscale></attr><attr><attrlabl Sync="TRUE">TypeCode</attrlabl><attalias Sync="TRUE">TypeCode</attalias><attrtype Sync="TRUE">String</attrtype><attwidth Sync="TRUE">15</attwidth><atprecis Sync="TRUE">0</atprecis><attscale Sync="TRUE">0</attscale></attr><attr><attrlabl Sync="TRUE">Method</attrlabl><attalias Sync="TRUE">Method</attalias><attrtype Sync="TRUE">String</attrtype><attwidth Sync="TRUE">15</attwidth><atprecis Sync="TRUE">0</atprecis><attscale Sync="TRUE">0</attscale></attr><attr><attrlabl Sync="TRUE">MethCode</attrlabl><attalias Sync="TRUE">MethCode</attalias><attrtype Sync="TRUE">String</attrtype><attwidth Sync="TRUE">15</attwidth><atprecis Sync="TRUE">0</atprecis><attscale Sync="TRUE">0</attscale></attr><attr><attrlabl Sync="TRUE">ENTITY_ID</attrlabl><attalias Sync="TRUE">ENTITY_ID</attalias><attrtype Sync="TRUE">Integer</attrtype><attwidth Sync="TRUE">4</attwidth><atprecis Sync="TRUE">0</atprecis><attscale Sync="TRUE">0</attscale></attr></detailed></eainfo><mdDateSt Sync="TRUE">20171124</mdDateSt></metadata>
