<?xml version="1.0" encoding="UTF-8"?>
<metadata xml:lang="en"><Esri><CreaDate>20190204</CreaDate><CreaTime>14454200</CreaTime><ArcGISFormat>1.0</ArcGISFormat><SyncOnce>FALSE</SyncOnce><DataProperties><itemProps><itemName Sync="TRUE">All_CECRSPPP</itemName><imsContentType Sync="TRUE">002</imsContentType><itemLocation><linkage Sync="TRUE">file://\\SEF-PA00128936\E$\Publications\Invasionrisk\Materials\GIS\CECRSPPP\Detections.gdb</linkage><protocol Sync="TRUE">Local Area Network</protocol></itemLocation><nativeExtBox><westBL Sync="TRUE">145.308052</westBL><eastBL Sync="TRUE">153.438768</eastBL><southBL Sync="TRUE">-28.237687</southBL><northBL Sync="TRUE">-16.360541</northBL><exTypeCode Sync="TRUE">1</exTypeCode></nativeExtBox></itemProps><coordRef><type Sync="TRUE">Geographic</type><geogcsn Sync="TRUE">Unknown</geogcsn><csUnits Sync="TRUE">Angular Unit: Degree (0.017453)</csUnits><peXml Sync="TRUE">&lt;GeographicCoordinateSystem xsi:type='typens:GeographicCoordinateSystem' xmlns:xsi='http://www.w3.org/2001/XMLSchema-instance' xmlns:xs='http://www.w3.org/2001/XMLSchema' xmlns:typens='http://www.esri.com/schemas/ArcGIS/10.5'&gt;&lt;WKT&gt;GEOGCS[&amp;quot;Unknown&amp;quot;,DATUM[&amp;quot;D_GDA94&amp;quot;,SPHEROID[&amp;quot;GRS_80&amp;quot;,6378137.0,298.257222101]],PRIMEM[&amp;quot;Greenwich&amp;quot;,0.0],UNIT[&amp;quot;Degree&amp;quot;,0.0174532925199433]]&lt;/WKT&gt;&lt;XOrigin&gt;-400&lt;/XOrigin&gt;&lt;YOrigin&gt;-400&lt;/YOrigin&gt;&lt;XYScale&gt;11258999068426.238&lt;/XYScale&gt;&lt;ZOrigin&gt;-100000&lt;/ZOrigin&gt;&lt;ZScale&gt;10000&lt;/ZScale&gt;&lt;MOrigin&gt;-100000&lt;/MOrigin&gt;&lt;MScale&gt;10000&lt;/MScale&gt;&lt;XYTolerance&gt;8.9831528411952133e-009&lt;/XYTolerance&gt;&lt;ZTolerance&gt;0.001&lt;/ZTolerance&gt;&lt;MTolerance&gt;0.001&lt;/MTolerance&gt;&lt;HighPrecision&gt;true&lt;/HighPrecision&gt;&lt;LeftLongitude&gt;-180&lt;/LeftLongitude&gt;&lt;/GeographicCoordinateSystem&gt;</peXml></coordRef><lineage><Process ToolSource="c:\arcgis\desktop10.5\ArcToolbox\Toolboxes\Data Management Tools.tbx\Merge" Date="20170720" Time="135059">Merge Infestations_CECRSPPP;Treatments_CECRSPPP E:\Publications\Invasionrisk\Materials\GIS\CECRSPPP\PestCentral.gdb\All_CECRSPPP "SubCat "SubCat" true true false 50 Text 0 0 ,First,#,Infestations_CECRSPPP,SubCat,-1,-1,Treatments_CECRSPPP,SubCat,-1,-1;Status "Status" true true false 50 Text 0 0 ,First,#,Infestations_CECRSPPP,Status,-1,-1,Treatments_CECRSPPP,Status,-1,-1;StatusDate "StatusDate" true true false 8 Date 0 0 ,First,#,Infestations_CECRSPPP,StatusDate,-1,-1,Treatments_CECRSPPP,StatusDate,-1,-1;InspecDate "InspecDate" true true false 8 Date 0 0 ,First,#,Infestations_CECRSPPP,InspecDate,-1,-1,Treatments_CECRSPPP,Start,-1,-1;Filter "Filter" true true false 50 Text 0 0 ,First,#,Infestations_CECRSPPP,Filter,-1,-1,Treatments_CECRSPPP,Filter,-1,-1;ComName "ComName" true true false 100 Text 0 0 ,First,#,Infestations_CECRSPPP,ComName,-1,-1,Treatments_CECRSPPP,Target,-1,-1;Species "Species" true true false 100 Text 0 0 ,First,#,Infestations_CECRSPPP,Species,-1,-1,Treatments_CECRSPPP,Species,-1,-1;SpecCode "SpecCode" true true false 15 Text 0 0 ,First,#,Infestations_CECRSPPP,SpecCode,-1,-1,Treatments_CECRSPPP,SpecCode,-1,-1;WWIDTH "WWIDTH" true true false 8 Double 0 0 ,First,#,Infestations_CECRSPPP,WWIDTH,-1,-1,Treatments_CECRSPPP,WWIDTH,-1,-1;WLENGTH "WLENGTH" true true false 8 Double 0 0 ,First,#,Infestations_CECRSPPP,WLENGTH,-1,-1,Treatments_CECRSPPP,WLENGTH,-1,-1;WAREA "WAREA" true true false 8 Double 0 0 ,First,#,Infestations_CECRSPPP,WAREA,-1,-1,Treatments_CECRSPPP,WAREA,-1,-1;Ranking "Ranking" true true false 50 Text 0 0 ,First,#,Infestations_CECRSPPP,Ranking,-1,-1;RankCode "RankCode" true true false 15 Text 0 0 ,First,#,Infestations_CECRSPPP,RankCode,-1,-1;Density "Density" true true false 50 Text 0 0 ,First,#,Infestations_CECRSPPP,Density,-1,-1;DensCode "DensCode" true true false 15 Text 0 0 ,First,#,Infestations_CECRSPPP,DensCode,-1,-1;ReprStatus "ReprStatus" true true false 50 Text 0 0 ,First,#,Infestations_CECRSPPP,ReprStatus,-1,-1;ReprCode "ReprCode" true true false 15 Text 0 0 ,First,#,Infestations_CECRSPPP,ReprCode,-1,-1;Type "Type" true true false 50 Text 0 0 ,First,#,Treatments_CECRSPPP,Type,-1,-1;TypeCode "TypeCode" true true false 15 Text 0 0 ,First,#,Treatments_CECRSPPP,TypeCode,-1,-1;Method "Method" true true false 15 Text 0 0 ,First,#,Treatments_CECRSPPP,Method,-1,-1;MethCode "MethCode" true true false 15 Text 0 0 ,First,#,Treatments_CECRSPPP,MethCode,-1,-1;ENTITY_ID "ENTITY_ID" true true false 4 Long 0 0 ,First,#,Infestations_CECRSPPP,ENTITY_ID,-1,-1,Treatments_CECRSPPP,ENTITY_ID,-1,-1"</Process><Process ToolSource="c:\arcgis\desktop10.5\ArcToolbox\Toolboxes\Data Management Tools.tbx\CalculateField" Date="20170720" Time="141054">CalculateField All_CECRSPPP Year year([InspecDate]) VB #</Process><Process ToolSource="c:\arcgis\desktop10.5\ArcToolbox\Toolboxes\Data Management Tools.tbx\CalculateField" Date="20170720" Time="142246">CalculateField All_CECRSPPP Year "DatePart ("YYYY", [InspecDate])" VB #</Process><Process ToolSource="c:\arcgis\desktop10.5\ArcToolbox\Toolboxes\Data Management Tools.tbx\CalculateField" Date="20170720" Time="142614">CalculateField All_CECRSPPP Year "DatePart ("YYYY", [InspecDate])" VB #</Process><Process ToolSource="c:\arcgis\desktop10.5\ArcToolbox\Toolboxes\Data Management Tools.tbx\CalculateField" Date="20170720" Time="142704">CalculateField All_CECRSPPP Year "DatePart ("yyyy", [StatusDate] )" VB #</Process><Process ToolSource="c:\arcgis\desktop10.5\ArcToolbox\Toolboxes\Data Management Tools.tbx\CalculateField" Date="20170720" Time="152514">CalculateField All_CECRSPPP Year "DatePart ("YYYY", [InspecDate] )" VB #</Process><Process ToolSource="c:\arcgis\desktop10.5\ArcToolbox\Toolboxes\Data Management Tools.tbx\CalculateField" Date="20170720" Time="152534">CalculateField All_CECRSPPP Year "DatePart ("YYYY", [InspecDate] )" VB #</Process><Process ToolSource="c:\arcgis\desktop10.5\ArcToolbox\Toolboxes\Data Management Tools.tbx\CalculateField" Date="20170720" Time="152719">CalculateField All_CECRSPPP Month "DatePart ("M", [InspecDate] )" VB #</Process><Process ToolSource="c:\arcgis\desktop10.5\ArcToolbox\Toolboxes\Data Management Tools.tbx\CalculateField" Date="20170720" Time="153022">CalculateField All_CECRSPPP DateSort "[Year]*100 + [Month]" VB #</Process><Process ToolSource="c:\arcgis\desktop10.5\ArcToolbox\Toolboxes\Data Management Tools.tbx\CalculateField" Date="20170720" Time="153318">CalculateField All_CECRSPPP DateSort "[Year]*100 + [Month]" VB #</Process><Process ToolSource="c:\arcgis\desktop10.5\ArcToolbox\Toolboxes\Data Management Tools.tbx\CalculateField" Date="20170818" Time="094718">CalculateField Modelled_CECRSPPP DP 1 VB #</Process><Process ToolSource="c:\arcgis\desktop10.5\ArcToolbox\Toolboxes\Data Management Tools.tbx\CalculateField" Date="20170818" Time="094735">CalculateField Modelled_CECRSPPP DP 2 VB #</Process><Process ToolSource="c:\arcgis\desktop10.5\ArcToolbox\Toolboxes\Data Management Tools.tbx\CalculateField" Date="20170818" Time="094846">CalculateField Modelled_CECRSPPP DP 3 VB #</Process><Process ToolSource="c:\arcgis\desktop10.5\ArcToolbox\Toolboxes\Data Management Tools.tbx\CalculateField" Date="20170818" Time="094911">CalculateField Modelled_CECRSPPP DP 4 VB #</Process><Process ToolSource="c:\arcgis\desktop10.5\ArcToolbox\Toolboxes\Data Management Tools.tbx\CalculateField" Date="20170818" Time="095017">CalculateField Modelled_CECRSPPP DP 5 VB #</Process><Process ToolSource="c:\arcgis\desktop10.5\ArcToolbox\Toolboxes\Data Management Tools.tbx\CalculateField" Date="20170818" Time="095034">CalculateField Modelled_CECRSPPP DP 6 VB #</Process><Process ToolSource="c:\arcgis\desktop10.5\ArcToolbox\Toolboxes\Data Management Tools.tbx\CalculateField" Date="20170818" Time="095101">CalculateField Modelled_CECRSPPP DP 7 VB #</Process><Process ToolSource="c:\arcgis\desktop10.5\ArcToolbox\Toolboxes\Data Management Tools.tbx\CalculateField" Date="20170818" Time="095148">CalculateField Modelled_CECRSPPP DP 8 VB #</Process><Process ToolSource="c:\arcgis\desktop10.5\ArcToolbox\Toolboxes\Data Management Tools.tbx\CalculateField" Date="20170818" Time="095203">CalculateField Modelled_CECRSPPP DP 9 VB #</Process><Process ToolSource="c:\arcgis\desktop10.5\ArcToolbox\Toolboxes\Data Management Tools.tbx\CalculateField" Date="20170818" Time="095244">CalculateField Modelled_CECRSPPP DP 8 VB #</Process><Process ToolSource="c:\arcgis\desktop10.5\ArcToolbox\Toolboxes\Data Management Tools.tbx\CalculateField" Date="20170818" Time="095259">CalculateField Modelled_CECRSPPP DP 9 VB #</Process><Process ToolSource="c:\arcgis\desktop10.5\ArcToolbox\Toolboxes\Data Management Tools.tbx\CalculateField" Date="20170818" Time="095436">CalculateField Modelled_CECRSPPP DP 5 VB #</Process><Process ToolSource="c:\arcgis\desktop10.5\ArcToolbox\Toolboxes\Data Management Tools.tbx\CalculateField" Date="20170818" Time="101343">CalculateField Modelled_CECRSPPP Individuals 1 VB #</Process><Process ToolSource="c:\arcgis\desktop10.5\ArcToolbox\Toolboxes\Data Management Tools.tbx\CalculateField" Date="20170818" Time="101705">CalculateField Modelled_CECRSPPP Individuals 10 VB #</Process><Process ToolSource="c:\arcgis\desktop10.5\ArcToolbox\Toolboxes\Data Management Tools.tbx\CalculateField" Date="20170818" Time="101744">CalculateField Modelled_CECRSPPP Individuals 5 VB #</Process><Process ToolSource="c:\arcgis\desktop10.5\ArcToolbox\Toolboxes\Data Management Tools.tbx\CalculateField" Date="20170818" Time="102032">CalculateField Modelled_CECRSPPP PercMature 0 VB #</Process><Process ToolSource="c:\arcgis\desktop10.5\ArcToolbox\Toolboxes\Data Management Tools.tbx\CalculateField" Date="20170818" Time="102238">CalculateField Modelled_CECRSPPP PercMature 1 VB #</Process><Process ToolSource="c:\arcgis\desktop10.5\ArcToolbox\Toolboxes\Data Management Tools.tbx\CalculateField" Date="20170818" Time="102343">CalculateField Modelled_CECRSPPP PercMature 0.5 VB #</Process><Process ToolSource="c:\arcgis\desktop10.5\ArcToolbox\Toolboxes\Data Management Tools.tbx\CalculateField" Date="20170818" Time="114521">CalculateField Modelled_CECRSPPP PercMature 0.5 VB #</Process><Process ToolSource="c:\arcgis\desktop10.5\ArcToolbox\Toolboxes\Data Management Tools.tbx\CalculateField" Date="20170818" Time="114540">CalculateField Modelled_CECRSPPP PercMature 0 VB #</Process><Process ToolSource="c:\program files (x86)\arcgis\desktop10.5\ArcToolbox\Toolboxes\Data Management Tools.tbx\CalculateField" Date="20190204" Time="144413">CalculateField DPall_200817_CECRSPPP Matures "[Individuals] * [PercMature]" VB #</Process><Process ToolSource="c:\program files (x86)\arcgis\desktop10.5\ArcToolbox\Toolboxes\Data Management Tools.tbx\Project" Date="20190204" Time="144543">Project DPall_200817_CECRSPPP C:\Users\FRO066\Documents\Publishing\QUT\MEE2018\3_revision\CaseStudies\CECRSPPP\Shapefiles\DPall_200817_CECRSPPP.shp PROJCS['GDA_1994_MGA_Zone_55',GEOGCS['GCS_GDA_1994',DATUM['D_GDA_1994',SPHEROID['GRS_1980',6378137.0,298.257222101]],PRIMEM['Greenwich',0.0],UNIT['Degree',0.0174532925199433]],PROJECTION['Transverse_Mercator'],PARAMETER['False_Easting',500000.0],PARAMETER['False_Northing',10000000.0],PARAMETER['Central_Meridian',147.0],PARAMETER['Scale_Factor',0.9996],PARAMETER['Latitude_Of_Origin',0.0],UNIT['Meter',1.0]] # GEOGCS['GCS_GDA_1994',DATUM['D_GDA_1994',SPHEROID['GRS_1980',6378137.0,298.257222101]],PRIMEM['Greenwich',0.0],UNIT['Degree',0.0174532925199433]] NO_PRESERVE_SHAPE # NO_VERTICAL</Process><Process ToolSource="c:\program files (x86)\arcgis\desktop10.5\ArcToolbox\Toolboxes\Data Management Tools.tbx\CalculateField" Date="20190209" Time="001006">CalculateField DPall_200817_CECRSPPP Abundance [Matures] VB #</Process><Process ToolSource="c:\program files (x86)\arcgis\desktop10.5\ArcToolbox\Toolboxes\Data Management Tools.tbx\CalculateField" Date="20190209" Time="001042">CalculateField DPall_200817_CECRSPPP Abundance [Matures] VB #</Process></lineage></DataProperties><SyncDate>20170720</SyncDate><SyncTime>13530700</SyncTime><ModDate>20170720</ModDate><ModTime>13530700</ModTime><ArcGISstyle>Item Description</ArcGISstyle></Esri><dataIdInfo><envirDesc Sync="TRUE">Microsoft Windows 7 Version 6.1 (Build 7601) Service Pack 1; Esri ArcGIS 10.5.0.6491</envirDesc><dataLang><languageCode value="eng" Sync="TRUE"></languageCode><countryCode value="AUS" Sync="TRUE"></countryCode></dataLang><idCitation><resTitle Sync="TRUE">All_CECRSPPP</resTitle><presForm><PresFormCd value="005" Sync="TRUE"></PresFormCd></presForm></idCitation><spatRpType><SpatRepTypCd value="001" Sync="TRUE"></SpatRepTypCd></spatRpType><dataExt><geoEle><GeoBndBox esriExtentType="search"><exTypeCode Sync="TRUE">1</exTypeCode><westBL Sync="TRUE">145.308052</westBL><eastBL Sync="TRUE">153.438768</eastBL><northBL Sync="TRUE">-16.360541</northBL><southBL Sync="TRUE">-28.237687</southBL></GeoBndBox></geoEle></dataExt></dataIdInfo><mdLang><languageCode value="eng" Sync="TRUE"></languageCode><countryCode value="AUS" Sync="TRUE"></countryCode></mdLang><distInfo><distFormat><formatName Sync="TRUE">File Geodatabase Feature Class</formatName></distFormat></distInfo><mdHrLv><ScopeCd value="005" Sync="TRUE"></ScopeCd></mdHrLv><mdHrLvName Sync="TRUE">dataset</mdHrLvName><refSysInfo><RefSystem><refSysID><identCode code="0" Sync="TRUE"></identCode></refSysID></RefSystem></refSysInfo><spatRepInfo><VectSpatRep><geometObjs Name="All_CECRSPPP"><geoObjTyp><GeoObjTypCd value="004" Sync="TRUE"></GeoObjTypCd></geoObjTyp><geoObjCnt Sync="TRUE">488</geoObjCnt></geometObjs><topLvl><TopoLevCd value="001" Sync="TRUE"></TopoLevCd></topLvl></VectSpatRep></spatRepInfo><spdoinfo><ptvctinf><esriterm Name="All_CECRSPPP"><efeatyp Sync="TRUE">Simple</efeatyp><efeageom code="1" Sync="TRUE"></efeageom><esritopo Sync="TRUE">FALSE</esritopo><efeacnt Sync="TRUE">488</efeacnt><spindex Sync="TRUE">TRUE</spindex><linrefer Sync="TRUE">FALSE</linrefer></esriterm></ptvctinf></spdoinfo><eainfo><detailed Name="All_CECRSPPP"><enttyp><enttypl Sync="TRUE">All_CECRSPPP</enttypl><enttypt Sync="TRUE">Feature Class</enttypt><enttypc Sync="TRUE">488</enttypc></enttyp><attr><attrlabl Sync="TRUE">OBJECTID</attrlabl><attalias Sync="TRUE">OBJECTID</attalias><attrtype Sync="TRUE">OID</attrtype><attwidth Sync="TRUE">4</attwidth><atprecis Sync="TRUE">0</atprecis><attscale Sync="TRUE">0</attscale><attrdef Sync="TRUE">Internal feature number.</attrdef><attrdefs Sync="TRUE">Esri</attrdefs><attrdomv><udom Sync="TRUE">Sequential unique whole numbers that are automatically generated.</udom></attrdomv></attr><attr><attrlabl Sync="TRUE">Shape</attrlabl><attalias Sync="TRUE">Shape</attalias><attrtype Sync="TRUE">Geometry</attrtype><attwidth Sync="TRUE">0</attwidth><atprecis Sync="TRUE">0</atprecis><attscale Sync="TRUE">0</attscale><attrdef Sync="TRUE">Feature geometry.</attrdef><attrdefs Sync="TRUE">Esri</attrdefs><attrdomv><udom Sync="TRUE">Coordinates defining the features.</udom></attrdomv></attr><attr><attrlabl Sync="TRUE">SubCat</attrlabl><attalias Sync="TRUE">SubCat</attalias><attrtype Sync="TRUE">String</attrtype><attwidth Sync="TRUE">50</attwidth><atprecis Sync="TRUE">0</atprecis><attscale Sync="TRUE">0</attscale></attr><attr><attrlabl Sync="TRUE">Status</attrlabl><attalias Sync="TRUE">Status</attalias><attrtype Sync="TRUE">String</attrtype><attwidth Sync="TRUE">50</attwidth><atprecis Sync="TRUE">0</atprecis><attscale Sync="TRUE">0</attscale></attr><attr><attrlabl Sync="TRUE">StatusDate</attrlabl><attalias Sync="TRUE">StatusDate</attalias><attrtype Sync="TRUE">Date</attrtype><attwidth Sync="TRUE">8</attwidth><atprecis Sync="TRUE">0</atprecis><attscale Sync="TRUE">0</attscale></attr><attr><attrlabl Sync="TRUE">InspecDate</attrlabl><attalias Sync="TRUE">InspecDate</attalias><attrtype Sync="TRUE">Date</attrtype><attwidth Sync="TRUE">8</attwidth><atprecis Sync="TRUE">0</atprecis><attscale Sync="TRUE">0</attscale></attr><attr><attrlabl Sync="TRUE">Filter</attrlabl><attalias Sync="TRUE">Filter</attalias><attrtype Sync="TRUE">String</attrtype><attwidth Sync="TRUE">50</attwidth><atprecis Sync="TRUE">0</atprecis><attscale Sync="TRUE">0</attscale></attr><attr><attrlabl Sync="TRUE">ComName</attrlabl><attalias Sync="TRUE">ComName</attalias><attrtype Sync="TRUE">String</attrtype><attwidth Sync="TRUE">100</attwidth><atprecis Sync="TRUE">0</atprecis><attscale Sync="TRUE">0</attscale></attr><attr><attrlabl Sync="TRUE">Species</attrlabl><attalias Sync="TRUE">Species</attalias><attrtype Sync="TRUE">String</attrtype><attwidth Sync="TRUE">100</attwidth><atprecis Sync="TRUE">0</atprecis><attscale Sync="TRUE">0</attscale></attr><attr><attrlabl Sync="TRUE">SpecCode</attrlabl><attalias Sync="TRUE">SpecCode</attalias><attrtype Sync="TRUE">String</attrtype><attwidth Sync="TRUE">15</attwidth><atprecis Sync="TRUE">0</atprecis><attscale Sync="TRUE">0</attscale></attr><attr><attrlabl Sync="TRUE">WWIDTH</attrlabl><attalias Sync="TRUE">WWIDTH</attalias><attrtype Sync="TRUE">Double</attrtype><attwidth Sync="TRUE">8</attwidth><atprecis Sync="TRUE">0</atprecis><attscale Sync="TRUE">0</attscale></attr><attr><attrlabl Sync="TRUE">WLENGTH</attrlabl><attalias Sync="TRUE">WLENGTH</attalias><attrtype Sync="TRUE">Double</attrtype><attwidth Sync="TRUE">8</attwidth><atprecis Sync="TRUE">0</atprecis><attscale Sync="TRUE">0</attscale></attr><attr><attrlabl Sync="TRUE">WAREA</attrlabl><attalias Sync="TRUE">WAREA</attalias><attrtype Sync="TRUE">Double</attrtype><attwidth Sync="TRUE">8</attwidth><atprecis Sync="TRUE">0</atprecis><attscale Sync="TRUE">0</attscale></attr><attr><attrlabl Sync="TRUE">Ranking</attrlabl><attalias Sync="TRUE">Ranking</attalias><attrtype Sync="TRUE">String</attrtype><attwidth Sync="TRUE">50</attwidth><atprecis Sync="TRUE">0</atprecis><attscale Sync="TRUE">0</attscale></attr><attr><attrlabl Sync="TRUE">RankCode</attrlabl><attalias Sync="TRUE">RankCode</attalias><attrtype Sync="TRUE">String</attrtype><attwidth Sync="TRUE">15</attwidth><atprecis Sync="TRUE">0</atprecis><attscale Sync="TRUE">0</attscale></attr><attr><attrlabl Sync="TRUE">Density</attrlabl><attalias Sync="TRUE">Density</attalias><attrtype Sync="TRUE">String</attrtype><attwidth Sync="TRUE">50</attwidth><atprecis Sync="TRUE">0</atprecis><attscale Sync="TRUE">0</attscale></attr><attr><attrlabl Sync="TRUE">DensCode</attrlabl><attalias Sync="TRUE">DensCode</attalias><attrtype Sync="TRUE">String</attrtype><attwidth Sync="TRUE">15</attwidth><atprecis Sync="TRUE">0</atprecis><attscale Sync="TRUE">0</attscale></attr><attr><attrlabl Sync="TRUE">ReprStatus</attrlabl><attalias Sync="TRUE">ReprStatus</attalias><attrtype Sync="TRUE">String</attrtype><attwidth Sync="TRUE">50</attwidth><atprecis Sync="TRUE">0</atprecis><attscale Sync="TRUE">0</attscale></attr><attr><attrlabl Sync="TRUE">ReprCode</attrlabl><attalias Sync="TRUE">ReprCode</attalias><attrtype Sync="TRUE">String</attrtype><attwidth Sync="TRUE">15</attwidth><atprecis Sync="TRUE">0</atprecis><attscale Sync="TRUE">0</attscale></attr><attr><attrlabl Sync="TRUE">Type</attrlabl><attalias Sync="TRUE">Type</attalias><attrtype Sync="TRUE">String</attrtype><attwidth Sync="TRUE">50</attwidth><atprecis Sync="TRUE">0</atprecis><attscale Sync="TRUE">0</attscale></attr><attr><attrlabl Sync="TRUE">TypeCode</attrlabl><attalias Sync="TRUE">TypeCode</attalias><attrtype Sync="TRUE">String</attrtype><attwidth Sync="TRUE">15</attwidth><atprecis Sync="TRUE">0</atprecis><attscale Sync="TRUE">0</attscale></attr><attr><attrlabl Sync="TRUE">Method</attrlabl><attalias Sync="TRUE">Method</attalias><attrtype Sync="TRUE">String</attrtype><attwidth Sync="TRUE">15</attwidth><atprecis Sync="TRUE">0</atprecis><attscale Sync="TRUE">0</attscale></attr><attr><attrlabl Sync="TRUE">MethCode</attrlabl><attalias Sync="TRUE">MethCode</attalias><attrtype Sync="TRUE">String</attrtype><attwidth Sync="TRUE">15</attwidth><atprecis Sync="TRUE">0</atprecis><attscale Sync="TRUE">0</attscale></attr><attr><attrlabl Sync="TRUE">ENTITY_ID</attrlabl><attalias Sync="TRUE">ENTITY_ID</attalias><attrtype Sync="TRUE">Integer</attrtype><attwidth Sync="TRUE">4</attwidth><atprecis Sync="TRUE">0</atprecis><attscale Sync="TRUE">0</attscale></attr></detailed></eainfo><mdDateSt Sync="TRUE">20170720</mdDateSt></metadata>
